station_id,target_at,horizon_steps,predicted_demand,model_version
02300,2026-09-14 13:45:00+00:00,1,896.1,gbr@99f4e76
02300,2026-09-14 14:00:00+00:00,2,914.5,gbr@99f4e76
02300,2026-09-14 14:15:00+00:00,3,944.3,gbr@99f4e76
02300,2026-09-14 14:30:00+00:00,4,984.4,gbr@99f4e76
03000,2026-09-14 13:45:00+00:00,1,476.9,gbr@99f4e76
03000,2026-09-14 14:00:00+00:00,2,497.6,gbr@99f4e76
03000,2026-09-14 14:15:00+00:00,3,507.7,gbr@99f4e76
03000,2026-09-14 14:30:00+00:00,4,516.1,gbr@99f4e76
05000,2026-09-14 13:45:00+00:00,1,671.0,gbr@99f4e76
05000,2026-09-14 14:00:00+00:00,2,687.4,gbr@99f4e76
05000,2026-09-14 14:15:00+00:00,3,708.7,gbr@99f4e76
05000,2026-09-14 14:30:00+00:00,4,732.6,gbr@99f4e76
05100,2026-09-14 13:45:00+00:00,1,498.4,gbr@99f4e76
05100,2026-09-14 14:00:00+00:00,2,508.7,gbr@99f4e76
05100,2026-09-14 14:15:00+00:00,3,517.6,gbr@99f4e76
05100,2026-09-14 14:30:00+00:00,4,534.5,gbr@99f4e76
06000,2026-09-14 13:45:00+00:00,1,1055.4,gbr@99f4e76
06000,2026-09-14 14:00:00+00:00,2,1104.4,gbr@99f4e76
06000,2026-09-14 14:15:00+00:00,3,1149.7,gbr@99f4e76
06000,2026-09-14 14:30:00+00:00,4,1199.5,gbr@99f4e76
06111,2026-09-14 13:45:00+00:00,1,546.8,gbr@99f4e76
06111,2026-09-14 14:00:00+00:00,2,576.4,gbr@99f4e76
06111,2026-09-14 14:15:00+00:00,3,604.3,gbr@99f4e76
06111,2026-09-14 14:30:00+00:00,4,634.1,gbr@99f4e76
07105,2026-09-14 13:45:00+00:00,1,97.3,gbr@99f4e76
07105,2026-09-14 14:00:00+00:00,2,101.2,gbr@99f4e76
07105,2026-09-14 14:15:00+00:00,3,104.8,gbr@99f4e76
07105,2026-09-14 14:30:00+00:00,4,112.6,gbr@99f4e76
07107,2026-09-14 13:45:00+00:00,1,511.0,gbr@99f4e76
07107,2026-09-14 14:00:00+00:00,2,518.5,gbr@99f4e76
07107,2026-09-14 14:15:00+00:00,3,536.0,gbr@99f4e76
07107,2026-09-14 14:30:00+00:00,4,555.5,gbr@99f4e76
07111,2026-09-14 13:45:00+00:00,1,1415.1,gbr@99f4e76
07111,2026-09-14 14:00:00+00:00,2,1374.8,gbr@99f4e76
07111,2026-09-14 14:15:00+00:00,3,1513.0,gbr@99f4e76
07111,2026-09-14 14:30:00+00:00,4,1546.9,gbr@99f4e76
09000,2026-09-14 13:45:00+00:00,1,199.3,gbr@99f4e76
09000,2026-09-14 14:00:00+00:00,2,212.5,gbr@99f4e76
09000,2026-09-14 14:15:00+00:00,3,222.5,gbr@99f4e76
09000,2026-09-14 14:30:00+00:00,4,231.4,gbr@99f4e76
09122,2026-09-14 13:45:00+00:00,1,686.1,gbr@99f4e76
09122,2026-09-14 14:00:00+00:00,2,703.0,gbr@99f4e76
09122,2026-09-14 14:15:00+00:00,3,727.2,gbr@99f4e76
09122,2026-09-14 14:30:00+00:00,4,731.8,gbr@99f4e76
10009,2026-09-14 13:45:00+00:00,1,99.8,gbr@99f4e76
10009,2026-09-14 14:00:00+00:00,2,108.3,gbr@99f4e76
10009,2026-09-14 14:15:00+00:00,3,115.3,gbr@99f4e76
10009,2026-09-14 14:30:00+00:00,4,118.9,gbr@99f4e76
